foia2_institution,original_institution
ARIZONA STATE UNIVERSITY,ARIZONA STATE UNIVERSITY
AUBURN UNIVERSITY AT AUBURN,AUBURN UNIVERSITY
BALL STATE UNIVERSITY,BALL STATE UNIVERSITY
BAYLOR COLLEGE OF MEDICINE,BAYLOR COLLEGE OF MEDICINE
BOSTON COLLEGE,BOSTON COLLEGE
BOSTON UNIVERSITY,BOSTON UNIVERSITY
BRANDEIS UNIVERSITY,BRANDEIS UNIVERSITY
BRIGHAM YOUNG UNIVERSITY,BRIGHAM YOUNG UNIVERSITY
BROWN UNIVERSITY,BROWN UNIVERSITY
CALIFORNIA STATE UNIVERSITY AT FULLERTON,CSU FULLERTON
CALIFORNIA STATE UNIVERSITY AT LONG BEACH,CAL STATE LONG BEACH & THE FOUNDATION
CALIFORNIA STATE UNIVERSITY AT LOS ANGELES,"CAL STATE L.A. UNIVERSITY AUXILIARY SERVICES, INC."
CASE WESTERN RESERVE UNIVERSITY,CASE WESTERN RESERVE UNIVERSITY
CENTRAL MICHIGAN UNIVERSITY,CENTRAL MICHIGAN UNIVERSITY
CHARLES R. DREW UNIVERSITY OF MEDICINE AND SCIENCE,CHARLES DREW UNIVERSITY OF MEDICAL & SCIENCE
CLEMSON UNIVERSITY,CLEMSON UNIVERSITY
COLORADO STATE UNIVERSITY AT FORT COLLINS,COLORADO STATE UNIVERSITY
COLUMBIA UNIVERSITY IN THE CITY OF NEW YORK,COLUMBIA UNIVERSITY
CORNELL UNIVERSITY,CORNELL UNIVERSITY -ENDOWED
CREIGHTON UNIVERSITY,CREIGHTON UNIVERSITY
CUNY - BROOKLYN COLLEGE,RFCUNY- BROOKLYN COLLEGE
CUNY - CITY COLLEGE,RFCUNY - CITY COLLEGE
CUNY - GRADUATE CENTER,RFCUNY - GRADUATE CENTER
CUNY - HUNTER COLLEGE,RFCUNY-HUNTER COLLEGE
CUNY - QUEENS COLLEGE,RFCUNY-QUEENS COLLEGE
DARTMOUTH COLLEGE,DARTMOUTH COLLEGE
DE PAUL UNIVERSITY,DEPAUL UNIVERSITY
DREXEL UNIVERSITY,DREXEL UNIVERSITY
DUKE UNIVERSITY,DUKE UNIVERSITY
EAST TENNESSEE STATE UNIVERSITY,EAST TENNESSEE STATE UNIVERSITY
EASTERN VIRGINIA MEDICAL SCHOOL,EASTERN VIRGINIA MEDICAL SCHOOL
EMORY UNIVERSITY,EMORY UNIVERSITY
FLORIDA ATLANTIC UNIVERSITY,FLORIDA ATLANTIC UNIVERSITY
FLORIDA INTERNATIONAL UNIVERSITY,FLORIDA INTERNATIONAL UNIVERSITY
FLORIDA STATE UNIVERSITY,FLORIDA STATE UNIVERSITY
GEORGE WASHINGTON UNIVERSITY,GEORGE WASHINGTON UNIVERSITY
GEORGETOWN UNIVERSITY,GEORGETOWN UNIVERSITY
GEORGIA STATE UNIVERSITY,GEORGIA STATE UNIVERSITY
HARVARD MEDICAL SCHOOL,HARVARD MEDICAL SCHOOL.
HARVARD UNIVERSITY,HARVARD UNIVERSITY
HARVARD UNIVERSITY SCHOOL OF PUBLIC HEALTH,HARVARD SCHOOL OF PUBLIC HEALTH
HOWARD UNIVERSITY,HOWARD UNIVERSITY
ILLINOIS INSTITUTE OF TECHNOLOGY,ILLINOIS INSTITUTE OF TECHNOLOGY
ILLINOIS STATE UNIVERSITY,ILLINOIS STATE UNIVERSITY
INDIANA UNIVERSITY,INDIANA UNIVERSITY
IOWA STATE UNIVERSITY,IOWA STATE UNIVERSITY
JACKSON STATE UNIVERSITY,JACKSON STATE UNIVERSITY
JOHNS HOPKINS UNIVERSITY,JOHNS HOPKINS UNIVERSITY
KANSAS STATE UNIVERSITY,KANSAS STATE UNIVERSITY
KENT STATE UNIVERSITY AT KENT,KENT STATE UNIVERSITY
LOMA LINDA UNIVERSITY,LOMA LINDA UNIVERSITY
LOUISIANA STATE UNIVERSITY AGRICULTURAL AND MECHANICAL COLLEGE AT BATON ROUGE,LOUISIANA STATE UNIVERSITY
LOUISIANA STATE UNIVERSITY HEALTH SCIENCES CENTER AT NEW ORLEANS,"LOUISIANA STATE UNIVERSITY HEALTH SCIENCES CENTER, NEW ORLEANS"
LOUISIANA STATE UNIVERSITY HEALTH SCIENCES CENTER AT SHREVEPORT,"LOUISIANA STATE UNIVERSITY HEALTH SCIENCES CENTER, SHREVEPORT"
LOYOLA UNIVERSITY MEDICAL CENTER,LOYOLA UNIVERSITY OF CHICAGO (MAYWOOD)
MARQUETTE UNIVERSITY,MARQUETTE UNIVERSITY
MARSHALL UNIVERSITY,MARSHALL UNIVERSITY
MEDICAL COLLEGE OF GEORGIA,MEDICAL COLLEGE OF GEORGIA
MEDICAL COLLEGE OF WISCONSIN,MEDICAL COLLEGE OF WISCONSIN
MEDICAL UNIVERSITY OF SOUTH CAROLINA,MEDICAL UNIVERSITY OF SOUTH CAROLINA
MEHARRY MEDICAL COLLEGE,MEHARRY MEDICAL COLLEGE
MICHIGAN STATE UNIVERSITY,MICHIGAN STATE UNIVERSITY
MISSISSIPPI STATE UNIVERSITY,MISSISSIPPI STATE UNIVERSITY
MONTANA STATE UNIVERSITY AT BOZEMAN,MONTANA STATE UNIVERSITY
MOREHOUSE SCHOOL OF MEDICINE,MOREHOUSE SCHOOL OF MEDICINE
MOUNT SINAI SCHOOL OF MEDICINE,MT SINAI SCHOOL OF MEDICINE
NEW JERSEY INSTITUTE OF TECHNOLOGY,NEW JERSEY INSTITUTE OF TECH.
NEW MEXICO HIGHLANDS UNIVERSITY,"NEW MEXICO, HIGHLANDS UNIVERSITY"
NEW YORK MEDICAL COLLEGE,NEW YORK MEDICAL COLLEGE
NEW YORK UNIVERSITY,NEW YORK UNIVERSITY
NEW YORK UNIVERSITY MEDICAL CENTER,NEW YORK UNIV MEDICAL SCHOOL
NORTH CAROLINA CENTRAL UNIVERSITY,NORTH CAROLINA CENTRAL UNIVERSITY
NORTH CAROLINA STATE UNIVERSITY AT RALEIGH,NORTH CAROLINA STATE UNIVERSITY
NORTH DAKOTA STATE UNIVERSITY,NORTH DAKOTA STATE UNIVERSITY
NORTHEASTERN UNIVERSITY,NORTHEASTERN UNIVERSITY
NORTHERN ARIZONA UNIVERSITY,NORTHERN ARIZONA UNIVERSITY
NORTHERN ILLINOIS UNIVERSITY,NORTHERN ILLINOIS UNIVERSITY
NORTHWESTERN UNIVERSITY,NORTHWESTERN UNIVERSITY
OAKLAND UNIVERSITY,OAKLAND UNIVERSITY
OHIO STATE UNIVERSITY,OHIO STATE UNIVERSITY RESEARCH FOUNDATION
OHIO UNIVERSITY AT ATHENS,OHIO UNIVERSITY
OREGON HEALTH AND SCIENCE UNIVERSITY,OREGON HEALTH & SCIENCE UNIVERSITY
OREGON STATE UNIVERSITY,OREGON STATE UNIVERSITY
PORTLAND STATE UNIVERSITY,PORTLAND STATE UNIVERSITY
PRINCETON UNIVERSITY,PRINCETON UNIVERSITY
PURDUE UNIVERSITY AT WEST LAFAYETTE,PURDUE UNIVERSITY
RICE UNIVERSITY,RICE UNIVERSITY
ROCKEFELLER UNIVERSITY,ROCKEFELLER UNIVERSITY
RUTGERS UNIVERSITY AT NEW BRUNSWICK,RUTGERS - STATE U OF NEW JERSEY
SAINT LOUIS UNIVERSITY,ST. LOUIS UNLVERSITY
SAN DIEGO STATE UNIVERSITY,SAN DIEGO STATE UNIVERSITY RESEARCH FOUNDATION
SAN FRANCISCO STATE UNIVERSITY,SAN FRANCISCO STATE UNIVERSITY
SAN JOSE STATE UNIVERSITY,SAN JOSE STATE UNIVERSITY
SOUTH DAKOTA STATE UNIVERSITY,SOUTH DAKOTA STATE UNIVERSITY
SOUTHERN ILLINOIS UNIVERSITY AT CARBONDALE,SOUTHERN ILLINOIS UNIVERSITY AT CARBONDALE
SOUTHERN ILLINOIS UNIVERSITY AT EDWARDSVILLE,SOUTHERN ILLINOIS UNIVERSITY AT EDWARDSVILLE
SOUTHERN METHODIST UNIVERSITY,SOUTHERN METHODIST UNIVERSITY
SUNY - BUFFALO STATE COLLEGE,RFSUNY - BUFFALO
SUNY - COLLEGE OF ENVIRONMENTAL SCIENCE AND FORESTRY,RFSUNY - COLLEGE OF ENVIRON SCI
SUNY - DOWNSTATE MEDICAL CENTER,RFSUNY - HLTH SCI CTR - BKLYN
SUNY - STATE UNIVERSITY OF NEW YORK AT ALBANY,RFSUNY-ALBANY
SUNY - STATE UNIVERSITY OF NEW YORK AT BINGHAMTON,RFSUNY - BINGHAMTON
SUNY - STATE UNIVERSITY OF NEW YORK AT BUFFALO,RFSUNY - COLLEGE OF BUFFALO
SUNY - STATE UNIVERSITY OF NEW YORK AT STONYBROOK,RESUNY - STONYBROOK
SUNY - UPSTATE MEDICAL UNIVERSITY,RFSUNY - UPSTATE MEDICAL UNIVERSITY
SYRACUSE UNIVERSITY,SYRACUSE UNIVERSITY
TEMPLE UNIVERSITY,TEMPLE UNIVERSITY
TEXAS AGRICULTURAL AND MECHANICAL UNIVERSITY AT COLLEGE STATION,TEXAS A&M
TEXAS TECH UNIVERSITY,TEXAS TECH UNIVERSITY
TEXAS TECH UNIVERSITY HEALTH SCIENCES CENTER,TEXAS TECH UNIVERSITY MSC
THOMAS JEFFERSON UNIVERSITY,THOMAS JEFFERSON UNIVERSITY
TUFTS UNIVERSITY - MEDFORD,TUFTS UNIVERSITY-MEDFORD/SOMERVILLE
TUFTS-NEW ENGLAND MEDICAL CENTER,TUFTS UNIVERSITY-HEALTH SCIENCES
TULANE UNIVERSITY OF LOUISIANA,TULANE UNIVERSITY OF LOUISIANA
TUSKEGEE UNIVERSITY,TUSKEGGE UNIVERSITY
UNIVERSITY OF AKRON,"AKRON, UNIVERSITY OF"
UNIVERSITY OF ALABAMA AT BIRMINGHAM,"ALABAMA - BIRMINGHAM, UNIVERSITY OF"
UNIVERSITY OF ALABAMA AT HUNTSVILLE,"ALABAMA: HUNTSVILLE, UNIVERSITY OF"
UNIVERSITY OF ALABAMA AT TUSCALOOSA,"ALABAMA: TUSCALOOSA, UNIVERSITY OF"
UNIVERSITY OF ARIZONA,"ARIZONA, UNIVERSITY OF"
UNIVERSITY OF ARKANSAS AT FAYETTEVILLE,"ARKANSAS, UNIVERSITY OF"
UNIVERSITY OF ARKANSAS MEDICAL SCIENCES AT LITTLE ROCK,ARKANSAS: FOR MEDICAL SCIENCES. UNIVERSITY OF
UNIVERSITY OF CALIFORNIA AT BERKELEY,"CALIFORNIA - BERKELEY, UNIVERSITY OF"
UNIVERSITY OF CALIFORNIA AT DAVIS,"CALIFORNIA - DAVIS, UNIVERSITY OF"
UNIVERSITY OF CALIFORNIA AT IRVINE,"CALIFORNIA - IRVINE, UNIVERSITY OF"
UNIVERSITY OF CALIFORNIA AT LOS ANGELES,"CALIFORNIA - LOS ANGELES, UNIVERSITY OF"
UNIVERSITY OF CALIFORNIA AT RIVERSIDE,"CALIFORNIA - RIVERSIDE, UNIVERSITY OF"
UNIVERSITY OF CALIFORNIA AT SAN DIEGO,"CALIFORNIA - SAN DIEGO, UNIVERSITY OF"
UNIVERSITY OF CALIFORNIA AT SAN FRANCISCO,"CALIFORNIA - SAN FRANCISCO, UNIVERSITY OF"
UNIVERSITY OF CALIFORNIA AT SANTA BARBARA,"CALIFORNIA - SANTA BARBARA, UNIVERSITY OF"
UNIVERSITY OF CALIFORNIA AT SANTA CRUZ,"CALIFORNIA - SANTA CRUZ, UNIVERSITY OF"
UNIVERSITY OF CENTRAL FLORIDA,CENTRAL FLORIDA. UNIVERSITY OF
UNIVERSITY OF CHICAGO,"CHICAGO, UNIVERSITY OF"
UNIVERSITY OF CINCINNATI,"CINCINNATI, UNIVERSITY OF"
UNIVERSITY OF COLORADO AT BOULDER,COLORADO AT BOULDER. UNIVERSITY OF
UNIVERSITY OF COLORADO DENVER HEALTH SCIENCES CENTER,"COLORADO AT DENVER, UNIVERSITY OF & HEALTH SCIENCE"
UNIVERSITY OF CONNECTICUT AT STORRS,UNIV OF CONNECTICUT
UNIVERSITY OF CONNECTICUT SCHOOL OF MEDICINE AND DENTISTRY,UNIV OF CT HLTH SCIENCE CTR
UNIVERSITY OF FLORIDA,"FLORIDA, UNIVERSITY OF"
UNIVERSITY OF GEORGIA,"GEORGIA: RESEARCH FOUNDATION, UNIVERSITY OF"
UNIVERSITY OF HAWAII,"HAWAII, UNIVERSITY OF"
UNIVERSITY OF HOUSTON,"HOUSTON, UNIVERSITY OF"
UNIVERSITY OF IDAHO,"IDAHO, UNIVERSITY OF"
UNIVERSITY OF IOWA,"IOWA, UNIVERSITY OF"
UNIVERSITY OF KANSAS AT LAWRENCE,KANSAS. UNIVERSITY OF
UNIVERSITY OF KANSAS MEDICAL CENTER,"KANSAS MEDICAL CENTER, UNIVERSITY OF"
UNIVERSITY OF KENTUCKY,"KENTUCKY, UNIVERSITY OF"
UNIVERSITY OF LOUISVILLE,"LOUISVILLE, UNIVERSITY OF: RESEARCH FOUNDATION"
UNIVERSITY OF MAINE,UNIV OF MAINE
UNIVERSITY OF MARYLAND AT BALTIMORE,MARYLAND @ BALTIMORE
UNIVERSITY OF MARYLAND AT BALTIMORE COUNTY,"MARYLAND - BALTIMORE COUNTY, UNIVERSITY OF"
UNIVERSITY OF MARYLAND AT COLLEGE PARK,"MARYLAND - COLLEGE PARK, UNIVERSITY OF"
UNIVERSITY OF MASSACHUSETTS AT AMHERST,UNIV OF MASSACHUSETTTS - AMHERST
UNIVERSITY OF MASSACHUSETTS AT DARTMOUTH,UNIV MASS - DARTMOUTH
UNIVERSITY OF MASSACHUSETTS AT LOWELL,UNIV MASS - LOWELL CAMPUS
UNIVERSITY OF MASSACHUSETTS MEDICAL SCHOOL AT WORCESTER,UNIV OF MASS - MEDICAL SCHOOL
UNIVERSITY OF MEDICINE AND DENTISTRY OF NEW JERSEY,UNIV OF MED & DENT OF NJ
UNIVERSITY OF MEMPHIS,"MEMPHIS, UNIVERSITY OF"
UNIVERSITY OF MIAMI AT CORAL GABLES,"MIAMI: CORAL GABLES CAMPUS, UNIVERSITY OF"
UNIVERSITY OF MIAMI SCHOOL OF MEDICINE,"MIAMI: MEDICAL CAMPUS, UNIVERSITY OF"
UNIVERSITY OF MICHIGAN,"MICHIGAN, UNIVERSITY OF"
UNIVERSITY OF MINNESOTA AT TWIN CITIES,"MINNESOTA, UNIVERSITY OF"
UNIVERSITY OF MISSISSIPPI,"MISSISSIPPI, UNIVERSITY OF"
UNIVERSITY OF MISSISSIPPI MEDICAL CENTER,"MISSISSIPPI: MEDICAL CENTER, UNIVERSITY OF"
UNIVERSITY OF MISSOURI AT COLUMBIA,"MISSOURI - COLUMBIA, UNIVERSITY OF"
UNIVERSITY OF MISSOURI AT KANSAS CITY,"MISSOURI - KANSAS CITY, UNIVERSITY OF"
UNIVERSITY OF MISSOURI AT ROLLA,MISSOURI UNIVERSITY OF SCIENCE AND TECHNOLOGY (ROLLA)
UNIVERSITY OF MISSOURI AT ST. LOUIS,MISSOURI - ST LOUIS. UNIVERSITY OF
UNIVERSITY OF MONTANA,"MONTANA, UNIVERSITY OF"
UNIVERSITY OF NEBRASKA AT LINCOLN,"NEBRASKA - LINCOLN, UNIVERSITY OF"
UNIVERSITY OF NEBRASKA MEDICAL CENTER,"NEBRASKA MEDICAL CENTER, UNIVERSITY OF"
UNIVERSITY OF NEVADA AT LAS VEGAS,"NEVADA- LAS VEGAS, UNIVERSITY OF"
UNIVERSITY OF NEVADA AT RENO,NEVADA - RENO. UNIVERSITY OF
UNIVERSITY OF NEW HAMPSHIRE,UNIV OF NEW HAMPSHIRE
UNIVERSITY OF NEW MEXICO AT ALBUQUERQUE,"NEW MEXICO, UNIVERSITY OF"
UNIVERSITY OF NEW ORLEANS,UNIVERSITY OF NEW ORLEANS
UNIVERSITY OF NORTH CAROLINA AT CHAPEL HILL,"NORTH CAROLINA - CHAPEL HILL, UNIVERSITY OF"
UNIVERSITY OF NORTH CAROLINA AT WILMINGTON,"NORTH CAROLINA AT WILMINGTON, UNIVERSITY OF"
UNIVERSITY OF NORTH DAKOTA,"NORTH DAKOTA, UNIVERSITY OF"
UNIVERSITY OF NORTH FLORIDA,NORTH FLORIDA. UNIVERSITY OF
UNIVERSITY OF NORTH TEXAS,"NORTH TEXAS, UNIVERSITY OF"
UNIVERSITY OF NORTH TEXAS HEALTH SCIENCE CENTER,NORTH TEXAS HSC FT. WORTH. UNIVERSITY OF
UNIVERSITY OF NOTRE DAME DU LAC,"NOTRE DAME, UNIVERSITY OF"
UNIVERSITY OF OKLAHOMA AT NORMAN,"OKLAHOMA, UNIVERSITY OF"
UNIVERSITY OF OKLAHOMA HEALTH SCIENCES CENTER,"OKLAHOMA HEALTH SCIENCES CENTER, UNIVERSITY OF"
UNIVERSITY OF OREGON AT EUGENE,"OREGON - EUGENE, UNIVERSITY OF"
UNIVERSITY OF PENNSYLVANIA,UNIVERSITY OF PENNSYLVANIA
UNIVERSITY OF PITTSBURGH AT PITTSBURGH,"PITTSBURGH, UNIVERSITY OF"
UNIVERSITY OF PUERTO RICO AT RIO PIEDRAS,UNIV OF PUERTO RICO
UNIVERSITY OF PUERTO RICO MEDICAL SCIENCES,UNIV OF PUERTO RICO - MEDICAL SCIENCES
UNIVERSITY OF RHODE ISLAND,UNIVERSITY OF RHODE ISLAND
UNIVERSITY OF ROCHESTER,UNIVERSITY OF ROCHESTER
UNIVERSITY OF SOUTH ALABAMA,"SOUTH ALABAMA, UNIVERSITY OF -SCH OF MEDICINE"
UNIVERSITY OF SOUTH CAROLINA AT COLUMBIA,"SOUTH CAROLINA, UNIVERSITY OF"
UNIVERSITY OF SOUTH DAKOTA,"SOUTH DAKOTA, UNIVERSITY OF"
UNIVERSITY OF SOUTH FLORIDA,"SOUTH FLORIDA, UNIVERSITY OF"
UNIVERSITY OF SOUTHERN CALIFORNIA,"SOUTHERN CALIFORNIA, UNIVERSITY OF"
UNIVERSITY OF SOUTHERN MISSISSIPPI,"MISSISSIPPI, UNIVERSITY OF SOUTHERN"
UNIVERSITY OF TENNESSEE AT KNOXVILLE,"TENNESSEE: KNOXVILLE, UNIVERSITY OF"
UNIVERSITY OF TENNESSEE HEALTH SCIENCE CENTER,"TENNESSEE: HEALTH SCIENCE CENTER - MEMPHIS, UNIVERSITY OF"
UNIVERSITY OF TEXAS AT ARLINGTON,TEXAS AT ARLINGTON. UNIVERSITY OF
UNIVERSITY OF TEXAS AT AUSTIN,"TEXAS AT AUSTIN, UNIVERSITY OF"
UNIVERSITY OF TEXAS AT DALLAS,TEXAS AT DALLAS. UNIVERSITY OF
UNIVERSITY OF TEXAS AT EL PASO,"TEXAS AS EL PASO, UNIVERSITY OF"
UNIVERSITY OF TEXAS HEALTH CENTER AT TYLER,"TEXAS HEALTH SCIENCE CENTER AT TYLER, UNIVERSITY OF"
UNIVERSITY OF TEXAS HEALTH SCIENCE CENTER AT HOUSTON,"TEXAS HOUSTON HEALTH SCIENCE CENTER, UNIVERSITY OF"
UNIVERSITY OF TEXAS MEDICAL BRANCH AT GALVESTON,"TEXAS MEDICAL BRANCH AT GALVESTON, UNIVERSITY OF"
UNIVERSITY OF TEXAS SOUTHWESTERN MEDICAL CENTER AT DALLAS,"TEXAS SOUTHWESTERN, UNIVERSITY OF"
UNIVERSITY OF TOLEDO,"TOLEDO, UNIVERSITY OF"
UNIVERSITY OF TOLEDO HEALTH SCIENCES CENTER,"TOLEDO HEALTH SCIENCE CANTER, UNIVERSITY OF"
UNIVERSITY OF UTAH,"UTAH, UNIVERSITY OF"
UNIVERSITY OF VERMONT AND STATE AGRICULTURAL COLLEGE,UNIV OF VERMONT
UNIVERSITY OF VIRGINIA AT CHARLOTTESVILLE,"VIRGINIA, UNIVERSITY OF"
UNIVERSITY OF WASHINGTON,"WASHINGTON, UNIVERSITY OF"
UNIVERSITY OF WISCONSIN AT MADISON,"WISCONSIN AT MADISON, UNIVERSITY OF"
UNIVERSITY OF WISCONSIN AT MILWAUKEE,WISCONSIN AT MILWAUKEE. UNIVERSITY OF
UNIVERSITY OF WYOMING,"WYOMING, UNIVERSITY OF"
VANDERBILT UNIVERSITY,VANDERBILT UNIVERSITY
VIRGINIA COMMONWEALTH UNIVERSITY,VIRGINIA COMMONWEALTH UNIVERSITY
WAKE FOREST UNIVERSITY HEALTH SCIENCES,WAKE FOREST UNIVERSITY
WASHINGTON STATE UNIVERSITY,WASHINGTON STATE UNIVERSITY
WASHINGTON UNIVERSITY,WASHINGTON UNIVERSITY
WAYNE STATE UNIVERSITY,WAYNE STATE UNIVERSITY
WEILL MEDICAL COLLEGE OF CORNELL UNIVERSITY,CORNELL UNIVERSITY MEDICAL
WEST VIRGINIA UNIVERSITY,WEST VIRGINIA UNIVERSITY
WESTERN MICHIGAN UNIVERSITY,WESTERN MICHIGAN UNIVERSITY
WICHITA STATE UNIVERSITY,WICHITA STATE UNIVERSITY
WRIGHT STATE UNIVERSITY,WRIGHT STATE UNIVERSITY
YALE UNIVERSITY,YALE UNIVERSITY
YESHIVA UNIVERSITY,YESHIVA UNIVERSITY
